<?xml version="1.0" encoding="UTF-8"?>
<configuration>

    <appender name="STDOUT" class="ch.qos.logback.core.ConsoleAppender">
        <encoder>
            <pattern>%d{yyyy-MM-dd HH:mm:ss.SSS} %highlight(%-5level) [%thread] %cyan(%logger{36}) - %msg%n</pattern>
        </encoder>
    </appender>

    <!-- LOG everything at INFO level -->
    <root level="info">
        <appender-ref ref="STDOUT"/>
    </root>

    <logger name="com.zaxxer.hikari" level="info"/>
    <logger name="org.apache.camel" level="debug"/>
    <logger name="org.mybatis" level="debug"/>
    <logger name="org.springframework.security" level="debug"/>
    <logger name="org.springframework" level="debug"/>

    <logger name="com.uob.gwb.pbp" level="debug"/>
    <logger name="com.uob.gwb.transaction" level="debug"/>
    <logger name="com.uob.gwb.ufw" level="debug"/>
    <logger name="com.uob.gwb.utils" level="info"/>
    <logger name="com.uob.ufw" level="debug"/>
    <logger name="com.uob.ufw.security" level="debug"/>


</configuration>
