<?xml version="1.0" encoding="UTF-8"?>
<!DOCTYPE mapper PUBLIC "-//mybatis.org//DTD Mapper 3.0//EN" "http://mybatis.org/dtd/mybatis-3-mapper.dtd">
<mapper namespace="com.uob.gwb.pbp.dao.PwsDeleteDao">

    <delete id="deletePwsTransactions" parameterType="long" statementType="PREPARED">
        <![CDATA[
				DELETE FROM pws_transactions
				WHERE transaction_id = <@p value=transactionId/>
		 )]]>
    </delete>

    <delete id="deletePwsBulkTransactions" parameterType="long" statementType="PREPARED">
        <![CDATA[
				DELETE FROM pws_bulk_transactions
				WHERE transaction_id = <@p value=transactionId/>
		 )]]>
    </delete>

    <delete id="deletePwsBulkTransactionInstructions" parameterType="long" statementType="PREPARED">
        <![CDATA[
				DELETE FROM pws_bulk_transaction_instructions
				WHERE transaction_id = <@p value=transactionId/>
		 )]]>
    </delete>

	<delete id="deletePwsParties" parameterType="long" statementType="PREPARED">
		<![CDATA[
				DELETE FROM pws_party
				WHERE transaction_id = <@p value=transactionId/>
		]]>
    </delete>

	<delete id="deletePwsPartyContacts" parameterType="long" statementType="PREPARED">
		<![CDATA[
				DELETE FROM pws_party_contacts
				WHERE transaction_id = <@p value=transactionId/>
		]]>
    </delete>


    <delete id="deletePwsTransactionAdvices" parameterType="long" statementType="PREPARED">
        <![CDATA[
				DELETE FROM pws_transaction_advices
				WHERE transaction_id = <@p value=transactionId/>
		 )]]>
    </delete>

	<delete id="deletePwsTaxInstructions" parameterType="long" statementType="PREPARED">
        <![CDATA[
				DELETE FROM pws_tax_instructions
				WHERE transaction_id = <@p value=transactionId/>
		 )]]>
    </delete>

</mapper>