<?xml version="1.0" encoding="UTF-8"?>
<!DOCTYPE mapper PUBLIC "-//mybatis.org//DTD Mapper 3.0//EN" "http://mybatis.org/dtd/mybatis-3-mapper.dtd">
<mapper namespace="com.uob.gwb.pbp.dao.PwsQueryDao">

    <select id="getPwsFileUpload" resultMap="PwsFileUploadResultMap"
            parameterType="Long" statementType="PREPARED">
        <![CDATA[
        SELECT
     		pfu.created_by,
     		pfu.file_reference_id,
     		pfu.file_upload_Id,
     		pfu.company_id,
     		pfu.feature_id,
     		pfu.resource_id,
     		pfu.upload_file_name,

    	FROM
     		pws_file_upload pfu
     		LEFT JOIN geb_user_attribute_mvr guam on guam.user_id = pfu.created_by
		WHERE
			pfu.file_reference_id = <@p name='fileReference'/>
        ]]>
    </select>

    <resultMap id="PwsFileUploadResultMap"
               type="com.uob.gwb.pbp.po.PwsFileUpload">
        <id column="file_upload_id" property="fileUploadId" />
        <result column="feature_id" property="featureId" />
        <result column="resource_id" property="resourceId" />
        <result column="file_reference_id" property="fileReferenceId" />
        <result column="upload_file_name" property="uploadFileName" />
        <result column="upload_file_path" property="uploadFilePath" />
        <result column="company_id" property="companyId" />
        <result column="status" property="status" />
        <result column="created_by" property="createdBy" />
        <result column="created_date" property="createdDate" />

    </resultMap>

</mapper>