<?xml version="1.0" encoding="UTF-8"?>
<!DOCTYPE mapper PUBLIC "-//mybatis.org//DTD Mapper 3.0//EN" "http://mybatis.org/dtd/mybatis-3-mapper.dtd">
<mapper namespace="com.uob.gwb.pbp.dao.PwsSaveDao">

    <select id="getBankRefSequenceNum"
            resultType="java.lang.Integer" statementType="PREPARED"
            flushCache="true" databaseId="oracle">
        <![CDATA[select seq_bank_reference.nextval from dual]]>
    </select>

    <select id="getBatchBankRefSequenceNum"
            resultType="java.lang.Integer" statementType="PREPARED" parameterType="java.lang.Integer"
            flushCache="true" databaseId="oracle">
        <![CDATA[select seq_bank_reference.nextval from dual connect by level <= <@p name='count'/> ]]>
    </select>

    <!-- Insert PwsTransactions -->
    <insert id="insertPwsTransactions" parameterType="com.uob.gwb.pbp.po.PwsTransactions" useGeneratedKeys="true" keyProperty="transactionId">
        INSERT INTO PWS_TRANSACTIONS (
        ACCOUNT_CURRENCY, ACCOUNT_NUMBER, AUTHORIZATION_STATUS, CAPTURE_STATUS, COMPANY_GROUP_ID,
        COMPANY_ID, COMPANY_NAME, WIZARD, INITIATION_TIME, RELEASE_DATE, PROCESSING_STATUS, BANK_ENTITY_ID,
        BANK_REFERENCE_ID, RESOURCE_ID, CHANGE_TOKEN, INITIATED_BY, RELEASED_BY, MAXIMUM_AMOUNT, FEATURE_ID,
        APPLICATION_TYPE, CORRELATION_ID, CUSTOMER_TRANSACTION_STATUS, REJECT_REASON, TRANSACTION_CURRENCY,
        TRANSACTION_TOTAL_AMOUNT, TERMINATED_BY_DEBTOR_FLAG, HIGHEST_AMOUNT, ACCOUNT_PAB, TOTAL_CHILD, TOTAL_AMOUNT,
        ORIGINAL_TRANSACTION_ID, TRANSACTION_CATEGORY
        ) VALUES (
        #{accountCurrency}, #{accountNumber}, #{authorizationStatus}, #{captureStatus}, #{companyGroupId},
        #{companyId}, #{companyName}, #{wizard}, #{initiationTime}, #{releaseDate}, #{processingStatus}, #{bankEntityId},
        #{bankReferenceId}, #{resourceId}, #{changeToken}, #{initiatedBy}, #{releasedBy}, #{maximumAmount}, #{featureId},
        #{applicationType}, #{correlationId}, #{customerTransactionStatus}, #{rejectReason}, #{transactionCurrency},
        #{transactionTotalAmount}, #{terminatedByDebtorFlag}, #{highestAmount}, #{accountPAB}, #{totalChild}, #{totalAmount},
        #{originalTransactionId}, #{transactionCategory}
        )
    </insert>

    <!-- Insert PwsBulkTransactions -->
    <insert id="insertPwsBulkTransactions" parameterType="com.uob.gwb.pbp.po.PwsBulkTransactions" useGeneratedKeys="true" keyProperty="bkTransactionId">
        INSERT INTO PWS_BULK_TRANSACTIONS (
        TRANSACTION_ID, FILE_UPLOAD_ID, RECIPIENTS_REFERENCE, RECIPIENTS_DESCRIPTION, FATE_FILE_NAME,
        FATE_FILE_PATH, COMBINE_DEBIT, STATUS, CHANGE_TOKEN, ERROR_DETAIL, FINAL_FATE_UPDATED_DATE, ACK_FILE_PATH,
        ACK_UPDATED_DATE, TRANSFER_DATE, USER_COMMENTS, DMP_BATCH_NUMBER, REJECT_CODE, BATCH_BOOKING,
        CHARGE_OPTIONS, PAYROLL_OPTIONS
        ) VALUES (
        #{transactionId}, #{fileUploadId}, #{recipientsReference}, #{recipientsDescription}, #{fateFileName},
        #{fateFilePath}, #{combineDebit}, #{status}, #{changeToken}, #{errorDetail}, #{finalFateUpdatedDate}, #{ackFilePath},
        #{ackUpdatedDate}, #{transferDate}, #{userComments}, #{dmpBatchNumber}, #{rejectCode}, #{batchBooking},
        #{chargeOptions}, #{payrollOptions}
        )
    </insert>

    <!-- Insert PwsBulkTransactionInstructions -->
    <insert id="insertPwsBulkTransactionInstructions" parameterType="com.uob.gwb.pbp.po.PwsBulkTransactionInstructions" useGeneratedKeys="true" keyProperty="transactionInstructionsId">
    </insert>

    <!-- Insert PwsParties -->
    <insert id="insertPwsParties" parameterType="com.uob.gwb.pbp.po.PwsParties" useGeneratedKeys="true" keyProperty="partyId">
        INSERT INTO PWS_PARTIES (
        BANK_ENTITY_ID, TRANSACTION_ID, BANK_REFERENCE_ID, CHILD_BANK_REFERENCE_ID, BANK_CODE, PARTY_ACCOUNT_TYPE,
        PARTY_ACCOUNT_NUMBER, PARTY_ACCOUNT_NAME, PARTY_ACCOUNT_CURRENCY, PARTY_AGENT_BIC, PARTY_NAME, PARTY_ROLE,
        RESIDENTIAL_STATUS, PROXY_ID, PROXY_ID_TYPE, ID_ISSUING_COUNTRY, PRODUCT_TYPE, PRIMARY_IDENTIFICATION_TYPE,
        PRIMARY_IDENTIFICATION_VALUE, SECONDARY_IDENTIFICATION_TYPE, SECONDARY_IDENTIFICATION_VALUE, REGISTRATION_ID,
        BENEFICIARY_REFERENCE_ID, SWIFT_CODE, PARTY_TYPE, RESIDENCY_STATUS, ACCOUNT_OWNERSHIP, RELATIONSHIP_TYPE,
        ULTIMATE_PAYEE_COUNTRY_CODE, ULTIMATE_PAYEE_NAME, PARTY_MODIFIED_DATE, BENEFICIARY_CHANGE_TOKEN, IS_NEW,
        IS_PREAPPROVED, BANK_ID
        ) VALUES (
        #{bankEntityId}, #{transactionId}, #{bankReferenceId}, #{childBankReferenceId}, #{bankCode}, #{partyAccountType},
        #{partyAccountNumber}, #{partyAccountName}, #{partyAccountCurrency}, #{partyAgentBIC}, #{partyName}, #{partyRole},
        #{residentialStatus}, #{proxyId}, #{proxyIdType}, #{idIssuingCountry}, #{productType}, #{primaryIdentificationType},
        #{primaryIdentificationValue}, #{secondaryIdentificationType}, #{secondaryIdentificationValue}, #{registrationId},
        #{beneficiaryReferenceId}, #{swiftCode}, #{partyType}, #{residencyStatus}, #{accountOwnership}, #{relationshipType},
        #{ultimatePayeeCountryCode}, #{ultimatePayeeName}, #{partyModifiedDate}, #{beneficiaryChangeToken}, #{isNew},
        #{isPreapproved}, #{bankId}
        )
    </insert>

    <!-- Insert PwsPartyContacts -->
    <insert id="insertPwsPartyContacts" parameterType="com.uob.gwb.pbp.po.PwsPartyContacts" useGeneratedKeys="true" keyProperty="partyContactId">
        INSERT INTO PWS_PARTY_CONTACTS (
        PARTY_ID, BANK_ENTITY_ID, TRANSACTION_ID, BANK_REFERENCE_ID, CHILD_BANK_REFERENCE_ID, ADDRESS1, ADDRESS2,
        ADDRESS3, ADDRESS4, ADDRESS5, PHONE_COUNTRY, PHONE_NO, PHONE_COUNTRY_CODE, COUNTRY, PROVINCE, DISTRICT_NAME,
        SUB_DISTRICT_NAME, STREET_NAME, TOWN_NAME, POSTAL_CODE, BUILDING_NUMBER, BUILDING_NAME, FLOOR, UNIT_NUMBER,
        DEPARTMENT, IS_NEW, PARTY_CONTACT_TYPE
        ) VALUES (
        #{partyId}, #{bankEntityId}, #{transactionId}, #{bankReferenceId}, #{childBankReferenceId}, #{address1}, #{address2},
        #{address3}, #{address4}, #{address5}, #{phoneCountry}, #{phoneNo}, #{phoneCountryCode}, #{country}, #{province},
        #{districtName}, #{subDistrictName}, #{streetName}, #{townName}, #{postalCode}, #{buildingNumber}, #{buildingName},
        #{floor}, #{unitNumber}, #{department}, #{isNew}, #{partyContactType}
        )
    </insert>

    <!-- Insert PwsTransactionAdvices -->
    <insert id="insertPwsTransactionAdvices" parameterType="com.uob.gwb.pbp.po.PwsTransactionAdvices" useGeneratedKeys="true" keyProperty="adviceId">
        INSERT INTO PWS_TRANSACTION_ADVICES (
        BANK_ENTITY_ID, TRANSACTION_ID, BANK_REFERENCE_ID, CHILD_BANK_REFERENCE_ID, PARTY_ID, ADVICE_ID, PARTY_NAME1,
        PARTY_NAME2, REFERENCE_NO, ADVISE_MESSAGE, DELIVERY_METHOD, DELIVERY_ADDRESS
        ) VALUES (
        #{bankEntityId}, #{transactionId}, #{bankReferenceId}, #{childBankReferenceId}, #{partyId}, #{adviceId},
        #{partyName1}, #{partyName2}, #{referenceNo}, #{adviseMessage}, #{deliveryMethod}, #{deliveryAddress}
        )
    </insert>

    <!-- Insert PwsTaxInstructions -->
    <insert id="insertPwsTaxInstructions" parameterType="com.uob.gwb.pbp.po.PwsTaxInstructions">
    </insert>

    <!-- Insert PwsTransitMessage -->
    <insert id="persistTransitMessage" statementType="PREPARED"
            parameterType="com.uob.gwb.pbp.po.PwsTransitMessage"
            keyProperty="messageId" useGeneratedKeys="true" keyColumn="message_id">
        <![CDATA[
       insert into pws_transit_message
      (bank_reference_id, message_ref_no, retry_count, service_type,
       correlation_id, message_content, status, end_system, processing_date)
       values
       (
         <@p name='pwsTransitMessage.bankReferenceId'/>,
         <@p name='pwsTransitMessage.messageRefNo'/>,
         <@p name='pwsTransitMessage.retryCount'/>,
         <@p name='pwsTransitMessage.serviceType'/>,
         <@p name='pwsTransitMessage.correlationId'/>,
         <@p name='pwsTransitMessage.messageContent'/>,
         <@p name='pwsTransitMessage.status'/>,
         <@p name='pwsTransitMessage.endSystem'/>,
         LOCALTIMESTAMP
        )
        ]]>
    </insert>


</mapper>