<?xml version="1.0" encoding="UTF-8"?>
<!DOCTYPE mapper PUBLIC "-//mybatis.org//DTD Mapper 3.0//EN" "http://mybatis.org/dtd/mybatis-3-mapper.dtd">
<mapper namespace="com.uob.gwb.pbp.dao.PwsSaveDao">

    <select id="getBankRefSequenceNum"
            resultType="java.lang.Integer" statementType="PREPARED"
            flushCache="true" databaseId="oracle">
        <![CDATA[select seq_bank_reference.nextval from dual]]>
    </select>

    <select id="getBatchBankRefSequenceNum"
            resultType="java.lang.Integer" statementType="PREPARED" parameterType="java.lang.Integer"
            flushCache="true" databaseId="oracle">
        <![CDATA[select seq_bank_reference.nextval from dual connect by level <= <@p name='count'/> ]]>
    </select>

    <!-- Insert PwsTransactions -->
    <insert id="insertPwsTransactions" parameterType="com.uob.gwb.pbp.po.PwsTransactions"
            statementType="PREPARED" useGeneratedKeys="true" keyProperty="transactionId" keyColumn="transaction_id" >
        <![CDATA[insert into pws_transactions
                        (
                          capture_status,
                          company_group_id,
                          initiation_time,
                          bank_entity_id,
                          bank_reference_id,
                          resource_id,
                          change_token,
                          initiated_by,
                          processing_status,
                          customer_transaction_status,
                          feature_id)
                          values(
                          <@p name='pwsTransactions.captureStatus'/>,
                          <@p name='pwsTransactions.companyGroupId'/>,
                          <@p name='pwsTransactions.initiationTime'/>,
                          <@p name='pwsTransactions.bankEntityId'/>,
                          <@p name='pwsTransactions.bankReferenceId'/>,
                          <@p name='pwsTransactions.resourceId'/>,
                          <@p name='pwsTransactions.changeToken'/>,
                           <@p name='pwsTransactions.initiatedBy'/>,
                           <@p name='pwsTransactions.processingStatus'/>,
                           <@p name='pwsTransactions.customerTransactionStatus'/>,
                           <@p name='pwsTransactions.featureId'/>)]]>
    </insert>

    <!-- Insert PwsBulkTransactions -->
    <insert id="insertPwsBulkTransactions" parameterType="com.uob.gwb.pbp.po.PwsBulkTransactions"
            statementType="PREPARED" useGeneratedKeys="true" keyProperty="bkTransactionId" keyColumn="bk_transaction_id">
        <![CDATA[insert into PWS_BULK_TRANSACTIONS
                    (
                      TRANSACTION_ID,
                      STATUS,
                      TRANSFER_DATE,
                      COMBINE_DEBIT,
                      CHANGE_TOKEN,
                      file_upload_id,
                      RECIPIENTS_REFERENCE
                      )
                      values(
                      <@p name='pwsBulkTrans.transactionId'/>,
                      <@p name='pwsBulkTrans.status'/>,
                      <@p name='pwsBulkTrans.transferDate'/>,
                      <@p name='pwsBulkTrans.combineDebit'/>,
                      <@p name='pwsBulkTrans.changeToken'/>,
                      <@p name='pwsBulkTrans.fileUploadId'/>,
                      <@p name='pwsBulkTrans.recipientsReference'/>)]]>

    </insert>

    <!-- Insert PwsBulkTransactionInstructions -->
    <insert id="insertPwsBulkTransactionInstructions" parameterType="com.uob.gwb.pbp.po.PwsBulkTransactionInstructions"
            useGeneratedKeys="true" keyProperty="transactionInstructionsId" keyColumn="CHILD_TRANSACTION_INSTRUCTIONS_ID">
        <![CDATA[insert into PWS_BULK_TRANSACTION_INSTRUCTIONS
           (
	            CHILD_BANK_REFERENCE_ID,
				TRANSACTION_ID,
				BANK_REFERENCE_ID,
				DESTINATION_COUNTRY,
				DESTINATION_BANK_NAME,
				TRANSACTION_CURRENCY,
				TRANSACTION_AMOUNT,
				VALUE_DATE,
				CUSTOMER_REFERENCE,
				REMARKS_FOR_APPROVAL,
				FX_FLAG,
				EQUIVALENT_CURRENCY,
				EQUIVALENT_AMOUNT,
				PAYMENT_CODE_ID,
				CUSTOMER_TRANSACTION_STATUS,
				TRANSFER_SPEED,
				RAIL_CODE,
				INITIATION_TIME
	       )
	       values(
	             <@p name='childBankReferenceId'/>,
	             <@p name='transactionId'/>,
	             <@p name='bankReferenceId'/>,
	             <@p name='destinationCountry'/>,
	             <@p name='destinationBankName'/>,
	             <@p name='transactionCurrency'/>,
	             <@p name='transactionAmount'/>,
	             <@p name='valueDateWithTimeStamp'/>,
	             <@p name='customerReference'/>,
	             <@p name='remarksForApproval'/>,
	             <@p name='fxFlag'/>,
	             <@p name='equivalentCurrency'/>,
	             <@p name='equivalentAmount'/>,
	             <@p name='paymentCodeId'/>,
	             <@p name='customerTransactionStatus'/>,
	             <@p name='transferSpeed'/>,
	             <@p name='railCode'/>,
	             <@p name='initiationTime'/>
	             )]]>
    </insert>

    <!-- Insert PwsParties -->
    <insert id="insertPwsParties" parameterType="com.uob.gwb.pbp.po.PwsParties" useGeneratedKeys="true" keyProperty="partyId">
        INSERT INTO PWS_PARTIES (
        BANK_ENTITY_ID, TRANSACTION_ID, BANK_REFERENCE_ID, CHILD_BANK_REFERENCE_ID, BANK_CODE, PARTY_ACCOUNT_TYPE,
        PARTY_ACCOUNT_NUMBER, PARTY_ACCOUNT_NAME, PARTY_ACCOUNT_CURRENCY, PARTY_AGENT_BIC, PARTY_NAME, PARTY_ROLE,
        RESIDENTIAL_STATUS, PROXY_ID, PROXY_ID_TYPE, ID_ISSUING_COUNTRY, PRODUCT_TYPE, PRIMARY_IDENTIFICATION_TYPE,
        PRIMARY_IDENTIFICATION_VALUE, SECONDARY_IDENTIFICATION_TYPE, SECONDARY_IDENTIFICATION_VALUE, REGISTRATION_ID,
        BENEFICIARY_REFERENCE_ID, SWIFT_CODE, PARTY_TYPE, RESIDENCY_STATUS, ACCOUNT_OWNERSHIP, RELATIONSHIP_TYPE,
        ULTIMATE_PAYEE_COUNTRY_CODE, ULTIMATE_PAYEE_NAME, PARTY_MODIFIED_DATE, BENEFICIARY_CHANGE_TOKEN, IS_NEW,
        IS_PREAPPROVED, BANK_ID
        ) VALUES (
        #{bankEntityId}, #{transactionId}, #{bankReferenceId}, #{childBankReferenceId}, #{bankCode}, #{partyAccountType},
        #{partyAccountNumber}, #{partyAccountName}, #{partyAccountCurrency}, #{partyAgentBIC}, #{partyName}, #{partyRole},
        #{residentialStatus}, #{proxyId}, #{proxyIdType}, #{idIssuingCountry}, #{productType}, #{primaryIdentificationType},
        #{primaryIdentificationValue}, #{secondaryIdentificationType}, #{secondaryIdentificationValue}, #{registrationId},
        #{beneficiaryReferenceId}, #{swiftCode}, #{partyType}, #{residencyStatus}, #{accountOwnership}, #{relationshipType},
        #{ultimatePayeeCountryCode}, #{ultimatePayeeName}, #{partyModifiedDate}, #{beneficiaryChangeToken}, #{isNew},
        #{isPreapproved}, #{bankId}
        )
    </insert>

    <!-- Insert PwsPartyContacts -->
    <insert id="insertPwsPartyContacts" parameterType="com.uob.gwb.pbp.po.PwsPartyContacts" useGeneratedKeys="true" keyProperty="partyContactId">
        INSERT INTO PWS_PARTY_CONTACTS (
        PARTY_ID, BANK_ENTITY_ID, TRANSACTION_ID, BANK_REFERENCE_ID, CHILD_BANK_REFERENCE_ID, ADDRESS1, ADDRESS2,
        ADDRESS3, ADDRESS4, ADDRESS5, PHONE_COUNTRY, PHONE_NO, PHONE_COUNTRY_CODE, COUNTRY, PROVINCE, DISTRICT_NAME,
        SUB_DISTRICT_NAME, STREET_NAME, TOWN_NAME, POSTAL_CODE, BUILDING_NUMBER, BUILDING_NAME, FLOOR, UNIT_NUMBER,
        DEPARTMENT, IS_NEW, PARTY_CONTACT_TYPE
        ) VALUES (
        #{partyId}, #{bankEntityId}, #{transactionId}, #{bankReferenceId}, #{childBankReferenceId}, #{address1}, #{address2},
        #{address3}, #{address4}, #{address5}, #{phoneCountry}, #{phoneNo}, #{phoneCountryCode}, #{country}, #{province},
        #{districtName}, #{subDistrictName}, #{streetName}, #{townName}, #{postalCode}, #{buildingNumber}, #{buildingName},
        #{floor}, #{unitNumber}, #{department}, #{isNew}, #{partyContactType}
        )
    </insert>

    <!-- Insert PwsTransactionAdvices -->
    <insert id="insertPwsTransactionAdvices" parameterType="com.uob.gwb.pbp.po.PwsTransactionAdvices" useGeneratedKeys="true" keyProperty="adviceId">
        INSERT INTO PWS_TRANSACTION_ADVICES (
        BANK_ENTITY_ID, TRANSACTION_ID, BANK_REFERENCE_ID, CHILD_BANK_REFERENCE_ID, PARTY_ID, ADVICE_ID, PARTY_NAME1,
        PARTY_NAME2, REFERENCE_NO, ADVISE_MESSAGE, DELIVERY_METHOD, DELIVERY_ADDRESS
        ) VALUES (
        #{bankEntityId}, #{transactionId}, #{bankReferenceId}, #{childBankReferenceId}, #{partyId}, #{adviceId},
        #{partyName1}, #{partyName2}, #{referenceNo}, #{adviseMessage}, #{deliveryMethod}, #{deliveryAddress}
        )
    </insert>

    <!-- Insert PwsTaxInstructions -->
    <insert id="insertPwsTaxInstructions" parameterType="com.uob.gwb.pbp.po.PwsTaxInstructions">
    </insert>

    <!-- Insert PwsTransitMessage -->
    <insert id="insertPwsTransitMessage" statementType="PREPARED"
            parameterType="com.uob.gwb.pbp.po.PwsTransitMessage"
            keyProperty="messageId" useGeneratedKeys="true" keyColumn="message_id">
        <![CDATA[
       insert into pws_transit_message
      (bank_reference_id, message_ref_no, retry_count, service_type,
       correlation_id, message_content, status, end_system, processing_date)
       values
       (
         <@p name='pwsTransitMessage.bankReferenceId'/>,
         <@p name='pwsTransitMessage.messageRefNo'/>,
         <@p name='pwsTransitMessage.retryCount'/>,
         <@p name='pwsTransitMessage.serviceType'/>,
         <@p name='pwsTransitMessage.correlationId'/>,
         <@p name='pwsTransitMessage.messageContent'/>,
         <@p name='pwsTransitMessage.status'/>,
         <@p name='pwsTransitMessage.endSystem'/>,
         LOCALTIMESTAMP
        )
        ]]>
    </insert>

</mapper>